,MODEL,MAKE,MODEL.1,VEHICLE CLASS,ENGINE_SIZE,CYLINDERS,TRANSMISSION,FUEL,FUEL_CONSUMPTION,Additional_Fuel_Consumption_1,Additional_Fuel_Consumption_2,Additional_Fuel_Consumption_3,CO2_EMISSIONS
624,2001,VOLKSWAGEN,GOLF,COMPACT,2.0,4,A4,X,11.9,9.0,10.6,27,244
210,2001,DODGE,RAM 1500,PICKUP TRUCK - STANDARD,5.2,8,M5,X,20.2,13.4,17.1,17,393
407,2001,LINCOLN,LS,MID-SIZE,3.0,6,A5,Z,15.6,10.4,13.3,21,306
67,2001,BMW,M3,SUBCOMPACT,3.2,6,M6,Z,16.2,10.6,13.7,21,315
599,2001,TOYOTA,ECHO,COMPACT,1.5,4,A4,X,8.6,6.7,7.8,36,179
467,2001,NISSAN,ALTIMA,COMPACT,2.4,4,M5,X,11.6,8.5,10.2,28,235
87,2001,CADILLAC,SEVILLE,MID-SIZE,4.6,8,A4,Z,15.6,9.4,12.8,22,294
529,2001,SAAB,9-3 TURBO #,MID-SIZE,2.0,4,M5,Z,12.2,8.5,10.5,27,242
111,2001,CHEVROLET,CAVALIER,COMPACT,2.4,4,M5,X,12.7,8.2,10.7,26,246
520,2001,PORSCHE,911 TURBO,MINICOMPACT,3.6,6,AS5,Z,17.7,11.4,14.9,19,343
240,2001,FORD,E250 VAN,VAN - CARGO,4.2,6,A4,X,18.0,13.0,15.8,18,363
612,2001,TOYOTA,TACOMA 4X4,PICKUP TRUCK - STANDARD,3.4,6,A4,X,16.1,13.5,14.9,19,343
652,2001,VOLKSWAGEN,PASSAT WAGON,STATION WAGON - MID-SIZE,1.8,4,M5,Z,11.9,8.3,10.3,27,237
389,2001,KIA,MAGENTIS,COMPACT,2.4,4,M5,X,12.5,9.1,11.0,26,253
5,2001,ACURA,INTEGRA,SUBCOMPACT,1.8,4,A4,X,11.4,8.5,10.1,28,232
614,2001,TOYOTA,TUNDRA,PICKUP TRUCK - STANDARD,3.4,6,A4,X,16.1,12.9,14.6,19,336
587,2001,TOYOTA,CAMRY,MID-SIZE,2.2,4,M5,X,11.3,7.8,9.7,29,223
609,2001,TOYOTA,TACOMA,PICKUP TRUCK - STANDARD,3.4,6,A4,X,15.7,13.4,14.7,19,338
8,2001,ACURA,MDX,SUV,3.5,6,A5,Z,15.5,11.1,13.5,21,311
405,2001,LEXUS,RX 300 4X4,SUV,3.0,6,A4,X,14.6,11.4,13.2,21,304
429,2001,MAZDA,PROTEGE,COMPACT,1.6,4,A4,X,10.6,8.2,9.6,29,221
394,2001,KIA,SEPHIA,COMPACT,1.8,4,A4,X,12.1,8.3,10.4,27,239
645,2001,VOLKSWAGEN,PASSAT,MID-SIZE,1.8,4,A5,Z,13.3,9.0,11.4,25,262
56,2001,BMW,525i SPORT WAGON,STATION WAGON - SMALL,2.5,6,M5,Z,13.9,9.5,11.9,24,274
249,2001,FORD,EX SPORT TRAC,PICKUP TRUCK - STANDARD,4.0,6,M5,X,15.3,12.1,13.9,20,320
424,2001,MAZDA,MILLENIA #,COMPACT,2.3,6,A4,Z,13.7,9.5,11.8,24,271
588,2001,TOYOTA,CAMRY,MID-SIZE,3.0,6,A4,X,13.5,9.5,11.7,24,269
223,2001,DODGE,RAM 2500 VAN,VAN - CARGO,5.9,8,A4,X,21.5,14.6,18.4,15,423
185,2001,DODGE,DAKOTA,PICKUP TRUCK - STANDARD,3.9,6,M5,X,17.7,11.9,15.1,19,347
320,2001,GMC,K1500 YUKON XL 4X4,SUV,5.3,8,A4,X,19.1,15.4,17.5,16,403
399,2001,LEXUS,GS 300,MID-SIZE,3.0,6,AS5,Z,14.9,10.6,13.0,22,299
549,2001,SATURN,SC COUPE #,SUBCOMPACT,1.9,4,M5,X,10.3,6.8,8.8,32,202
539,2001,SAAB,9-5 WAGON TURBO #,STATION WAGON - MID-SIZE,2.3,4,A4,Z,14.0,10.1,12.2,23,281
117,2001,CHEVROLET,G15/G25 CHEVY VAN,VAN - CARGO,5.7,8,A4,X,19.3,14.9,17.3,16,398
412,2001,LINCOLN,TOWN CAR,FULL-SIZE,4.6,8,A4,X,14.9,10.2,12.8,22,294
628,2001,VOLKSWAGEN,GTI,COMPACT,1.8,4,A4,Z,11.9,9.1,10.7,26,246
359,2001,HYUNDAI,XG300,MID-SIZE,3.0,6,A5,X,14.2,9.5,12.1,23,278
212,2001,DODGE,RAM 1500,PICKUP TRUCK - STANDARD,5.9,8,A4,X,21.4,13.9,18.0,16,414
469,2001,NISSAN,FRONTIER,PICKUP TRUCK - STANDARD,2.4,4,M5,X,12.0,10.1,11.1,25,255
22,2001,AUDI,A6 QUATTRO,MID-SIZE,2.8,6,A5,Z,15.4,10.7,13.3,21,306
617,2001,TOYOTA,TUNDRA,PICKUP TRUCK - STANDARD,4.7,8,A5,X,17.4,13.8,15.8,18,363
133,2001,CHEVROLET,MONTE CARLO,MID-SIZE,3.8,6,A4,X,14.3,8.8,11.8,24,271
596,2001,TOYOTA,CELICA,SUBCOMPACT,1.8,4,M6,Z,11.6,8.1,10.0,28,230
563,2001,SUBARU,IMPREZA WAGON AWD,STATION WAGON - SMALL,2.2,4,M5,X,11.8,8.8,10.5,27,242
482,2001,NISSAN,QUEST,MINIVAN,3.3,6,A4,X,15.5,11.0,13.5,21,311
357,2001,HYUNDAI,TIBURON,SUBCOMPACT,2.0,4,A4,X,12.5,8.6,10.7,26,246
59,2001,BMW,540i,COMPACT,4.4,8,A5,Z,14.7,10.4,12.8,22,294
259,2001,FORD,F150,PICKUP TRUCK - STANDARD,4.6,8,M5,X,17.2,13.3,15.4,18,354
385,2001,JEEP,TJ 4X4,SUV,2.5,4,M5,X,14.2,12.7,13.5,21,311
265,2001,FORD,F150 4X4,PICKUP TRUCK - STANDARD,5.4,8,A4,X,19.3,15.0,17.3,16,398
51,2001,BMW,330xi,COMPACT,3.0,6,A5,Z,14.6,10.2,12.6,22,290
37,2001,BMW,325Ci,SUBCOMPACT,2.5,6,A5,Z,13.3,9.4,11.5,25,265
94,2001,CHEVROLET,BLAZER 4X4,SUV,4.3,6,A4,X,17.2,12.8,15.2,19,350
370,2001,JAGUAR,S-TYPE,MID-SIZE,4.0,8,A5,Z,15.2,10.5,13.1,22,301
447,2001,MERCEDES-BENZ,E 320,MID-SIZE,3.2,6,A5,Z,13.1,9.0,11.3,25,260
58,2001,BMW,530i,COMPACT,3.0,6,M5,Z,12.8,8.7,10.9,26,251
80,2001,BUICK,PARK AVENUE,FULL-SIZE,3.8,6,A4,X,13.8,8.7,11.5,25,265
304,2001,GMC,G1500/G2500 SAVANA PASSENGER,VAN - PASSENGER,4.3,6,A4,X,18.3,14.3,16.5,17,380
345,2001,HONDA,PRELUDE,SUBCOMPACT,2.2,4,AS4,Z,12.7,9.7,11.3,25,260
225,2001,DODGE,RAM 2500 WAGON,VAN - PASSENGER,5.2,8,A4,X,21.4,15.8,18.9,15,435
275,2001,FORD,MUSTANG,SUBCOMPACT,3.8,6,A4,X,13.8,9.6,11.9,24,274
474,2001,NISSAN,FRONTIER V6 4X4,PICKUP TRUCK - STANDARD,3.3,6,A4,X,17.0,13.7,15.5,18,357
486,2001,NISSAN,SENTRA,COMPACT,2.0,4,M5,X,11.3,8.3,10.0,28,230
533,2001,SAAB,9-5 TURBO,MID-SIZE,3.0,6,A4,Z,14.4,9.8,12.3,23,283
646,2001,VOLKSWAGEN,PASSAT,MID-SIZE,1.8,4,M5,Z,11.9,8.3,10.3,27,237
621,2001,VOLKSWAGEN,CABRIO,SUBCOMPACT,2.0,4,M5,X,11.2,8.5,10.0,28,230
417,2001,MAZDA,B3000,PICKUP TRUCK - STANDARD,3.0,6,A5,X,16.0,12.0,14.2,20,327
454,2001,MERCEDES-BENZ,ML 320 4X4,SUV,3.2,6,A5,Z,15.5,12.2,14.0,20,322
499,2001,PONTIAC,BONNEVILLE,FULL-SIZE,3.8,6,A4,X,13.8,8.7,11.5,25,265
651,2001,VOLKSWAGEN,PASSAT WAGON,STATION WAGON - MID-SIZE,1.8,4,A5,Z,13.3,9.0,11.4,25,262
11,2001,AUDI,A4,COMPACT,1.8,4,A5,Z,13.2,9.0,11.3,25,260
505,2001,PONTIAC,GRAND AM,COMPACT,2.4,4,A4,X,12.7,8.8,10.9,26,251
130,2001,CHEVROLET,K1500 TAHOE 4X4,SUV,5.3,8,A4,X,18.9,15.0,17.2,16,396
350,2001,HYUNDAI,ACCENT,COMPACT,1.6,4,A4,X,10.8,7.3,9.2,31,212
66,2001,BMW,M ROADSTER,TWO-SEATER,3.2,6,M5,Z,15.2,10.4,13.0,22,299
592,2001,TOYOTA,CAMRY SOLARA CONVERTIBLE,SUBCOMPACT,3.0,6,A4,X,14.0,9.9,12.2,23,281
160,2001,CHRYSLER,PT CRUISER,SUV,2.4,4,M5,X,13.2,9.8,11.7,24,269
266,2001,FORD,FOCUS,COMPACT,2.0,4,A4,X,10.5,7.9,9.3,30,214
131,2001,CHEVROLET,MALIBU,MID-SIZE,3.1,6,A4,X,13.0,9.0,11.2,25,258
334,2001,HONDA,ACCORD,MID-SIZE,2.3,4,A4,X,11.8,8.6,10.4,27,239
406,2001,LINCOLN,CONTINENTAL,FULL-SIZE,4.6,8,A4,Z,15.2,10.2,12.9,22,297
484,2001,NISSAN,SENTRA,COMPACT,1.8,4,M5,X,10.1,7.4,8.9,32,205
213,2001,DODGE,RAM 1500 4X4,PICKUP TRUCK - STANDARD,5.2,8,A4,X,21.6,15.5,18.9,15,435
659,2001,VOLVO,C70 TURBO,COMPACT,2.3,5,M5,Z,12.9,9.1,11.2,25,258
287,2001,FORD,RANGER 4X4,PICKUP TRUCK - STANDARD,4.0,6,M5,X,16.9,13.1,15.2,19,350
274,2001,FORD,GRAND MARQUIS,FULL-SIZE,4.6,8,A4,X,14.9,10.2,12.8,22,294
209,2001,DODGE,RAM 1500,PICKUP TRUCK - STANDARD,5.2,8,A4,X,20.0,13.7,17.2,16,396
45,2001,BMW,330Ci,SUBCOMPACT,3.0,6,A5,Z,13.1,9.1,11.3,25,260
309,2001,GMC,JIMMY 4X4,SUV,4.3,6,A4,X,17.2,12.8,15.2,19,350
455,2001,MERCEDES-BENZ,ML 430 4X4,SUV,4.3,8,A5,Z,16.5,12.7,14.8,19,340
46,2001,BMW,330Ci,SUBCOMPACT,3.0,6,M5,Z,12.8,8.7,10.9,26,251
101,2001,CHEVROLET,C1500 SUBURBAN,SUV,5.3,8,A4,X,18.7,14.9,17.0,17,391
380,2001,JEEP,CHEROKEE 4X4,SUV,4.0,6,M5,X,15.2,11.5,13.6,21,313
52,2001,BMW,330xi,COMPACT,3.0,6,M5,Z,13.4,9.4,11.6,24,267
268,2001,FORD,FOCUS #,COMPACT,2.0,4,A4,X,10.9,8.2,9.7,29,223
40,2001,BMW,325Ci CONVERTIBLE,MINICOMPACT,2.5,6,M5,Z,13.9,9.5,11.9,24,274
416,2001,MAZDA,626,MID-SIZE,2.5,6,M5,Z,13.3,10.1,11.8,24,271
41,2001,BMW,325i,COMPACT,2.5,6,A5,Z,13.3,9.4,11.5,25,265
154,2001,CHRYSLER,INTREPID,FULL-SIZE,3.5,6,AS4,X,14.7,9.9,12.5,23,288
377,2001,JAGUAR,XKR #,SUBCOMPACT,4.0,8,A5,Z,16.3,11.7,14.2,20,327
462,2001,MERCEDES-BENZ,SLK 230 KOMPRESSOR,TWO-SEATER,2.3,6,A5,Z,11.8,8.7,10.4,27,239
170,2001,CHRYSLER,TOWN & COUNTRY,MINIVAN,3.3,6,A4,X,14.9,10.6,13.0,22,299
96,2001,CHEVROLET,C1500 SILVERADO,PICKUP TRUCK - STANDARD,4.3,6,A4,X,16.0,11.8,14.1,20,324
590,2001,TOYOTA,CAMRY SOLARA,COMPACT,3.0,6,A4,X,13.5,9.5,11.7,24,269
658,2001,VOLVO,C70 TURBO,COMPACT,2.3,5,A5,Z,13.3,9.6,11.6,24,267
650,2001,VOLKSWAGEN,PASSAT 4MOTION WAGON,STATION WAGON - MID-SIZE,2.8,6,A5,Z,15.3,10.7,13.3,21,306
71,2001,BMW,X5,SUV,3.0,6,M5,Z,17.3,12.5,15.1,19,347
238,2001,FORD,E150 VAN,VAN - CARGO,4.6,8,A4,X,16.7,12.3,14.7,19,338
39,2001,BMW,325Ci CONVERTIBLE,MINICOMPACT,2.5,6,A5,Z,13.7,9.7,11.9,24,274
220,2001,DODGE,RAM 1500 WAGON,VAN - PASSENGER,5.2,8,A4,X,20.0,13.8,17.2,16,396
570,2001,SUZUKI,ESTEEM,SUBCOMPACT,1.6,4,M5,X,8.8,6.8,7.9,36,182
290,2001,FORD,TAURUS WAGON,STATION WAGON - MID-SIZE,3.0,6,A4,X,14.9,9.8,12.6,22,290
631,2001,VOLKSWAGEN,JETTA,COMPACT,1.8,4,A4,Z,11.9,9.1,10.7,26,246
264,2001,FORD,F150 4X4,PICKUP TRUCK - STANDARD,4.6,8,M5,X,18.4,13.9,16.4,17,377
262,2001,FORD,F150 4X4,PICKUP TRUCK - STANDARD,4.2,6,M5,X,17.2,13.5,15.5,18,357
503,2001,PONTIAC,FIREBIRD,SUBCOMPACT,5.7,8,A4,Z,14.7,10.6,12.9,22,297
577,2001,SUZUKI,VITARA 4-DOOR 4X4,SUV,2.0,4,A4,X,11.7,9.9,10.9,26,251
597,2001,TOYOTA,COROLLA,COMPACT,1.8,4,A4,X,8.9,6.5,7.8,36,179
607,2001,TOYOTA,TACOMA,PICKUP TRUCK - STANDARD,2.4,4,M5,X,12.6,10.5,11.6,24,267
438,2001,MERCEDES-BENZ,C 240,COMPACT,2.6,6,M6,Z,14.5,9.6,12.3,23,283
254,2001,FORD,EXPLORER 4X4,SUV,4.0,6,A5,X,17.4,13.1,15.5,18,357
397,2001,KIA,SPORTAGE,SUV,2.0,4,M5,X,13.3,11.4,12.5,23,288
139,2001,CHEVROLET,S10 FFV,PICKUP TRUCK - SMALL,2.2,4,A4,E,19.6,14.3,17.2,16,275
351,2001,HYUNDAI,ACCENT,COMPACT,1.6,4,M5,X,10.0,7.0,8.6,33,198
25,2001,AUDI,A8 QUATTRO,FULL-SIZE,4.2,8,A5,Z,15.4,10.3,13.1,22,301
565,2001,SUBARU,LEGACY AWD,COMPACT,2.5,4,M5,X,12.5,9.3,11.0,26,253
589,2001,TOYOTA,CAMRY SOLARA,COMPACT,2.2,4,A4,X,11.5,8.1,10.0,28,230
472,2001,NISSAN,FRONTIER V6 #,PICKUP TRUCK - STANDARD,3.3,6,A4,Z,17.0,13.8,15.6,18,359
114,2001,CHEVROLET,CORVETTE,TWO-SEATER,5.7,8,M6,Z,13.9,9.4,11.9,24,274
21,2001,AUDI,A6 QUATTRO,MID-SIZE,2.7,6,M6,Z,15.2,10.7,13.2,21,304
200,2001,DODGE,GRAND CARAVAN,MINIVAN,3.8,6,A4,X,15.3,10.9,13.3,21,306
125,2001,CHEVROLET,K1500 SILVERADO 4X4,PICKUP TRUCK - STANDARD,4.8,8,A4,X,17.1,13.6,15.5,18,357
283,2001,FORD,RANGER,PICKUP TRUCK - STANDARD,4.0,6,M5,X,15.3,12.0,13.8,20,317
456,2001,MERCEDES-BENZ,ML 55 AMG 4X4,SUV,5.5,8,A5,Z,19.0,14.6,17.1,17,393
507,2001,PONTIAC,GRAND AM,COMPACT,3.4,6,A4,X,12.5,8.0,10.4,27,239
234,2001,FORD,E150 CLUB WAGON,VAN - PASSENGER,4.2,6,A4,X,18.0,13.0,15.8,18,363
605,2001,TOYOTA,SIENNA,MINIVAN,3.0,6,A4,X,13.9,10.4,12.3,23,283
211,2001,DODGE,RAM 1500,PICKUP TRUCK - STANDARD,5.9,8,A4,X,21.4,14.6,18.3,15,421
99,2001,CHEVROLET,C1500 SILVERADO,PICKUP TRUCK - STANDARD,4.8,8,M5,X,18.6,12.8,16.0,18,368
485,2001,NISSAN,SENTRA,COMPACT,2.0,4,A4,X,11.2,8.6,10.0,28,230
635,2001,VOLKSWAGEN,JETTA,COMPACT,2.8,6,A4,X,13.9,9.9,12.1,23,278
660,2001,VOLVO,C70 TURBO,COMPACT,2.4,5,A5,Z,12.9,9.1,11.2,25,258
561,2001,SUBARU,IMPREZA AWD,SUBCOMPACT,2.5,4,M5,X,12.8,9.3,11.2,25,258
339,2001,HONDA,CIVIC Si/Si-G,COMPACT,1.7,4,A4,X,9.3,7.2,8.3,34,191
121,2001,CHEVROLET,IMPALA,FULL-SIZE,3.4,6,A4,X,12.5,8.0,10.4,27,239
192,2001,DODGE,DAKOTA 4X4,PICKUP TRUCK - STANDARD,4.7,8,A4,X,19.6,13.9,17.0,17,391
502,2001,PONTIAC,FIREBIRD,SUBCOMPACT,3.8,6,M5,X,13.8,8.2,11.3,25,260
83,2001,BUICK,REGAL #,MID-SIZE,3.8,6,A4,Z,14.5,9.1,12.1,23,278
168,2001,CHRYSLER,SEBRING COUPE,COMPACT,3.0,6,AS4,X,13.8,9.6,11.9,24,274
557,2001,SUBARU,FORESTER AWD,SUV,2.5,4,M5,X,12.5,9.3,11.0,26,253
513,2001,PONTIAC,SUNFIRE,COMPACT,2.2,4,M5,X,12.2,8.1,10.4,27,239
383,2001,JEEP,LIBERTY 4X4,SUBCOMPACT,3.7,6,A4,Z,16.5,12.9,14.9,19,343
527,2001,SAAB,9-3 TURBO,MID-SIZE,2.0,4,M5,X,13.0,9.3,11.3,25,260
555,2001,SATURN,SW WAGON #,STATION WAGON - SMALL,1.9,4,M5,X,10.3,6.8,8.8,32,202
464,2001,MERCEDES-BENZ,SLK 320,TWO-SEATER,3.2,6,A5,Z,12.9,9.4,11.3,25,260
15,2001,AUDI,A4 QUATTRO,COMPACT,1.8,4,M5,Z,12.2,8.6,10.6,27,244
568,2001,SUBARU,LEGACY WAGON AWD,STATION WAGON - MID-SIZE,3.0,6,A4,Z,13.1,9.6,11.5,25,265
3,2001,ACURA,3.2TL,MID-SIZE,3.2,6,AS5,Z,13.8,8.8,11.6,24,267
205,2001,DODGE,RAM 1500,PICKUP TRUCK - STANDARD,3.9,6,A4,X,16.9,12.9,15.1,19,347
478,2001,NISSAN,MAXIMA,MID-SIZE,3.0,6,A4,X,13.6,9.6,11.8,24,271
401,2001,LEXUS,IS 300,SUBCOMPACT,3.0,6,AS5,Z,14.9,11.1,13.2,21,304
298,2001,GMC,C1500 YUKON,SUV,4.8,8,A4,X,17.6,12.9,15.5,18,357
207,2001,DODGE,RAM 1500,PICKUP TRUCK - STANDARD,3.9,6,M5,X,17.7,12.2,15.2,19,350
27,2001,AUDI,ALLROAD,SUV,2.7,6,M6,Z,16.5,12.2,14.6,19,336
396,2001,KIA,SPORTAGE,SUV,2.0,4,A4,X,14.6,11.8,13.3,21,306
366,2001,ISUZU,RODEO 4X4,SUV,3.2,6,M5,X,16.3,12.6,14.6,19,336
88,2001,CHEVROLET,ASTRO CARGO,VAN - CARGO,4.3,6,A4,X,15.4,11.4,13.6,21,313
241,2001,FORD,E250 VAN,VAN - CARGO,5.4,8,A4,X,20.8,16.1,18.7,15,430
13,2001,AUDI,A4,COMPACT,2.8,6,A5,Z,14.6,9.7,12.4,23,285
640,2001,VOLKSWAGEN,NEW BEETLE,SUBCOMPACT,1.8,4,M5,Z,11.0,8.6,9.9,29,228
554,2001,SATURN,SW WAGON #,STATION WAGON - SMALL,1.9,4,A4,X,10.6,7.3,9.1,31,209
473,2001,NISSAN,FRONTIER V6 #,PICKUP TRUCK - STANDARD,3.3,6,M5,Z,17.3,14.2,15.9,18,366
360,2001,INFINITI,G20,COMPACT,2.0,4,A4,X,11.6,8.5,10.2,28,235
90,2001,CHEVROLET,ASTRO PASSENGER,VAN - PASSENGER,4.3,6,A4,X,16.0,11.8,14.1,20,324
441,2001,MERCEDES-BENZ,CL 600,COMPACT,5.8,12,A5,Z,16.9,11.0,14.2,20,327
178,2001,DAEWOO,LEGANZA,MID-SIZE,2.2,4,M5,X,13.1,8.8,11.2,25,258
602,2001,TOYOTA,RAV4 4X4,SUV,2.0,4,A4,X,11.9,9.6,10.9,26,251
477,2001,NISSAN,FRONTIER V6 4X4 #,PICKUP TRUCK - STANDARD,3.3,6,M5,Z,17.6,14.6,16.2,17,373
630,2001,VOLKSWAGEN,GTI,COMPACT,2.8,6,M5,X,13.2,9.0,11.3,25,260
227,2001,DODGE,RAM 2500 WAGON CNG,VAN - PASSENGER,5.2,8,A4,N,21.4,16.1,19.0,15,359
641,2001,VOLKSWAGEN,NEW BEETLE,SUBCOMPACT,2.0,4,A4,X,11.9,9.0,10.6,27,244
368,2001,ISUZU,TROOPER 4X4,SUV,3.5,6,M5,X,17.7,13.7,15.9,18,366
193,2001,DODGE,DAKOTA 4X4,PICKUP TRUCK - STANDARD,4.7,8,M5,X,18.6,13.6,16.4,17,377
158,2001,CHRYSLER,NEON R/T #,COMPACT,2.0,4,M5,X,10.5,8.0,9.4,30,216
569,2001,SUZUKI,ESTEEM,SUBCOMPACT,1.6,4,A4,X,9.9,7.6,8.9,32,205
436,2001,MAZDA,TRIBUTE 4X4,SUV,3.0,6,A4,X,15.0,10.9,13.1,22,301
30,2001,AUDI,S8 QUATTRO #,MID-SIZE,4.2,8,A5,Z,17.8,11.9,15.1,19,347
583,2001,SUZUKI,XL-7 4X4,SUV,2.7,6,M5,X,15.2,12.5,14.0,20,322
338,2001,HONDA,CIVIC,COMPACT,1.7,4,M5,X,8.6,6.8,7.8,36,179
493,2001,OLDSMOBILE,AURORA,MID-SIZE,4.0,8,A4,Z,15.3,10.3,13.1,22,301
461,2001,MERCEDES-BENZ,SL 600,TWO-SEATER,5.8,12,A5,Z,20.8,13.4,17.5,16,403
490,2001,OLDSMOBILE,ALERO,COMPACT,2.4,4,M5,X,13.1,8.7,11.1,25,255
535,2001,SAAB,9-5 TURBO #,MID-SIZE,2.3,4,M5,Z,13.2,9.5,11.5,25,265
471,2001,NISSAN,FRONTIER V6,PICKUP TRUCK - STANDARD,3.3,6,M5,X,16.0,13.5,14.8,19,340
84,2001,CADILLAC,CATERA,MID-SIZE,3.0,6,A4,Z,15.4,10.9,13.4,21,308
42,2001,BMW,325i,COMPACT,2.5,6,M5,Z,13.0,8.7,11.0,26,253
295,2001,GMC,C1500 SIERRA,PICKUP TRUCK - STANDARD,4.8,8,A4,X,17.0,12.7,15.1,19,347
153,2001,CHRYSLER,INTREPID,FULL-SIZE,3.2,6,AS4,X,14.2,9.5,12.1,23,278
75,2001,BMW,Z3,TWO-SEATER,3.0,6,A5,Z,13.5,9.8,11.9,24,274
538,2001,SAAB,9-5 WAGON TURBO,STATION WAGON - MID-SIZE,3.0,6,A4,Z,14.4,9.8,12.3,23,283
519,2001,PORSCHE,911 CARRERA 4,MINICOMPACT,3.4,6,M6,Z,15.7,10.9,13.5,21,311
250,2001,FORD,EX SPORT TRAC 4X4,PICKUP TRUCK - STANDARD,4.0,6,A5,X,17.4,13.1,15.5,18,357
489,2001,OLDSMOBILE,ALERO,COMPACT,2.4,4,A4,X,12.7,8.8,10.9,26,251
318,2001,GMC,K1500 YUKON 4X4,SUV,5.3,8,A4,X,19.1,15.4,17.5,16,403
604,2001,TOYOTA,SEQUOIA 4X4,SUV,4.7,8,A4,X,19.3,15.1,17.4,16,400
643,2001,VOLKSWAGEN,NEW BEETLE TDI DIESEL,SUBCOMPACT,1.9,4,A4,D,8.1,5.9,7.1,40,192
606,2001,TOYOTA,TACOMA,PICKUP TRUCK - STANDARD,2.4,4,A4,X,12.7,11.0,11.9,24,274
572,2001,SUZUKI,ESTEEM WAGON,STATION WAGON - SMALL,1.8,4,M5,X,9.6,7.2,8.5,33,196
395,2001,KIA,SEPHIA,COMPACT,1.8,4,M5,X,11.7,8.9,10.4,27,239
202,2001,DODGE,GRAND CARAVAN AWD,MINIVAN,3.8,6,A4,X,15.6,11.3,13.7,21,315
248,2001,FORD,EX SPORT TRAC,PICKUP TRUCK - STANDARD,4.0,6,A5,X,16.7,12.5,14.8,19,340
514,2001,PONTIAC,SUNFIRE,COMPACT,2.4,4,A4,X,12.9,9.0,11.1,25,255
553,2001,SATURN,SL #,COMPACT,1.9,4,M5,X,10.3,6.8,8.8,32,202
344,2001,HONDA,ODYSSEY,MINIVAN,3.5,6,A4,X,14.9,10.2,12.8,22,294
466,2001,NISSAN,ALTIMA,COMPACT,2.4,4,A4,X,12.3,9.0,10.9,26,251
214,2001,DODGE,RAM 1500 4X4,PICKUP TRUCK - STANDARD,5.2,8,M5,X,22.1,15.3,19.1,15,439
208,2001,DODGE,RAM 1500,PICKUP TRUCK - STANDARD,5.2,8,A4,X,20.1,13.9,17.3,16,398
300,2001,GMC,C1500 YUKON XL,SUV,5.3,8,A4,X,18.7,14.9,17.0,17,391
511,2001,PONTIAC,MONTANA,MINIVAN,3.4,6,A4,X,13.8,9.8,12.0,24,276
29,2001,AUDI,S4 QUATTRO,COMPACT,2.7,6,M6,Z,15.2,10.7,13.2,21,304
226,2001,DODGE,RAM 2500 WAGON,VAN - PASSENGER,5.9,8,A4,X,21.6,14.5,18.4,15,423
671,2001,VOLVO,V70 2.4T WAGON TURBO,STATION WAGON - MID-SIZE,2.4,5,A5,Z,13.3,9.5,11.6,24,267
362,2001,INFINITI,I30,MID-SIZE,3.0,6,A4,X,13.6,9.6,11.8,24,271
161,2001,CHRYSLER,SEBRING,MID-SIZE,2.4,4,A4,X,13.2,8.3,11.0,26,253
137,2001,CHEVROLET,S10 4X4,PICKUP TRUCK - STANDARD,4.3,6,M5,X,18.6,14.3,16.7,17,384
142,2001,CHEVROLET,TRACKER CONVERTIBLE 4X4,SUV,1.6,4,M5,X,10.5,9.0,9.9,29,228
106,2001,CHEVROLET,CAMARO,SUBCOMPACT,5.7,8,A4,Z,14.7,10.3,12.7,22,292
644,2001,VOLKSWAGEN,NEW BEETLE TDI DIESEL,SUBCOMPACT,1.9,4,M5,D,6.8,5.4,6.2,46,167
103,2001,CHEVROLET,C1500 TAHOE,SUV,5.3,8,A4,X,18.7,14.9,17.0,17,391
428,2001,MAZDA,MX-5 MIATA,TWO-SEATER,1.8,4,M6,Z,11.8,9.3,10.7,26,246
81,2001,BUICK,PARK AVENUE #,FULL-SIZE,3.8,6,A4,Z,14.5,9.1,12.1,23,278
257,2001,FORD,F150,PICKUP TRUCK - STANDARD,4.2,6,M5,X,16.2,12.6,14.6,19,336
426,2001,MAZDA,MX-5 MIATA,TWO-SEATER,1.8,4,A4,Z,12.0,9.3,10.8,26,248
311,2001,GMC,K1500 SIERRA 4X4,PICKUP TRUCK - STANDARD,4.3,6,A4,X,17.2,12.8,15.2,19,350
603,2001,TOYOTA,RAV4 4X4,SUV,2.0,4,M5,X,12.0,9.5,10.9,26,251
481,2001,NISSAN,PATHFINDER 4X4,SUV,3.5,6,M5,X,16.4,13.8,15.2,19,350
323,2001,GMC,SAFARI CARGO AWD,VAN - CARGO,4.3,6,A4,X,17.2,12.8,15.2,19,350
653,2001,VOLKSWAGEN,PASSAT WAGON,STATION WAGON - MID-SIZE,2.8,6,A5,Z,14.6,9.8,12.4,23,285
330,2001,GMC,SONOMA FFV,PICKUP TRUCK - SMALL,2.2,4,A4,X,14.2,10.1,12.3,23,283
263,2001,FORD,F150 4X4,PICKUP TRUCK - STANDARD,4.6,8,A4,X,17.3,13.7,15.7,18,361
430,2001,MAZDA,PROTEGE,COMPACT,1.6,4,M5,X,9.8,8.0,9.0,31,207
315,2001,GMC,K1500 SIERRA 4X4,PICKUP TRUCK - STANDARD,5.3,8,A4,X,18.0,14.5,16.4,17,377
656,2001,VOLVO,C70 CONVERTIBLE TURBO,SUBCOMPACT,2.3,5,M5,Z,13.0,9.3,11.3,25,260
244,2001,FORD,ESCAPE,SUV,3.0,6,A4,X,14.7,10.5,12.8,22,294
261,2001,FORD,F150 4X4,PICKUP TRUCK - STANDARD,4.2,6,A4,X,17.1,13.4,15.4,18,354
655,2001,VOLVO,C70 CONVERTIBLE TURBO,SUBCOMPACT,2.3,5,A5,Z,13.4,9.8,11.8,24,271
184,2001,DODGE,DAKOTA,PICKUP TRUCK - STANDARD,3.9,6,A4,X,16.8,12.6,14.9,19,343
634,2001,VOLKSWAGEN,JETTA,COMPACT,2.0,4,M5,X,11.2,8.3,9.9,29,228
443,2001,MERCEDES-BENZ,CLK 320 CABRIOLET,MINICOMPACT,3.2,6,A5,Z,13.3,8.9,11.3,25,260
197,2001,DODGE,DURANGO 4X4,SUV,5.9,8,A4,X,21.6,15.0,18.6,15,428
74,2001,BMW,Z3,TWO-SEATER,2.5,6,M5,Z,13.3,9.4,11.5,25,265
50,2001,BMW,330i,COMPACT,3.0,6,M5,Z,12.8,8.7,10.9,26,251
491,2001,OLDSMOBILE,ALERO,COMPACT,3.4,6,A4,X,12.5,8.0,10.4,27,239
423,2001,MAZDA,MILLENIA,COMPACT,2.5,6,A4,Z,13.8,9.8,12.0,24,276
57,2001,BMW,530i,COMPACT,3.0,6,A5,Z,14.2,9.8,12.2,23,281
355,2001,HYUNDAI,SONATA 2.4L,MID-SIZE,2.4,4,A4,X,12.9,9.1,11.2,25,258
433,2001,MAZDA,TRIBUTE,SUV,2.0,4,M5,X,11.4,9.1,10.4,27,239
576,2001,SUZUKI,SWIFT,SUBCOMPACT,1.3,4,M5,X,7.6,5.9,6.8,42,156
143,2001,CHEVROLET,TRACKER CONVERTIBLE 4X4,SUV,2.0,4,A4,X,11.7,9.9,10.9,26,251
163,2001,CHRYSLER,SEBRING,MID-SIZE,2.7,6,AS4,X,13.3,9.0,11.4,25,262
419,2001,MAZDA,B4000,PICKUP TRUCK - STANDARD,4.0,6,A5,X,16.4,12.3,14.6,19,336
444,2001,MERCEDES-BENZ,CLK 430,SUBCOMPACT,4.3,8,A5,Z,14.5,10.3,12.6,22,290
181,2001,DAEWOO,NUBIRA WAGON,STATION WAGON - SMALL,2.0,4,A4,X,12.0,8.5,10.4,27,239
174,2001,DAEWOO,LANOS,COMPACT,1.5,4,M5,X,10.3,7.1,8.9,32,205
292,2001,FORD,WINDSTAR WAGON,MINIVAN,3.8,6,A4,X,14.9,10.7,13.0,22,299
431,2001,MAZDA,PROTEGE,COMPACT,2.0,4,A4,X,11.3,8.8,10.2,28,235
68,2001,BMW,M3 CONVERTIBLE,MINICOMPACT,3.2,6,M6,Z,16.6,11.1,14.1,20,324
232,2001,FORD,CROWN VICTORIA,FULL-SIZE,4.6,8,A4,X,14.9,10.2,12.8,22,294
371,2001,JAGUAR,VANDEN PLAS,MID-SIZE,4.0,8,A5,Z,15.3,10.7,13.3,21,306
180,2001,DAEWOO,NUBIRA,COMPACT,2.0,4,M5,X,11.9,8.2,10.3,27,237
523,2001,PORSCHE,BOXSTER,TWO-SEATER,2.7,6,M5,Z,13.7,9.4,11.8,24,271
459,2001,MERCEDES-BENZ,S 600,FULL-SIZE,5.8,12,A5,Z,16.9,11.0,14.2,20,327
465,2001,MERCEDES-BENZ,SLK 320,TWO-SEATER,3.2,6,M6,Z,14.6,9.5,12.3,23,283
448,2001,MERCEDES-BENZ,E 320 4MATIC 4X4,MID-SIZE,3.2,6,A5,Z,13.4,9.6,11.7,24,269
138,2001,CHEVROLET,S10 FFV,PICKUP TRUCK - SMALL,2.2,4,A4,X,14.2,10.1,12.3,23,283
319,2001,GMC,K1500 YUKON 4X4,SUV,6.0,8,A4,X,22.4,16.3,19.7,14,453
277,2001,FORD,MUSTANG,SUBCOMPACT,4.6,8,A4,X,14.8,10.3,12.8,22,294
20,2001,AUDI,A6 QUATTRO,MID-SIZE,2.7,6,A5,Z,15.2,10.5,13.1,22,301
403,2001,LEXUS,LX 470,SUV,4.7,8,A4,X,20.2,16.0,18.3,15,421
293,2001,GMC,C1500 SIERRA,PICKUP TRUCK - STANDARD,4.3,6,A4,X,16.0,11.8,14.1,20,324
7,2001,ACURA,INTEGRA GS-R,SUBCOMPACT,1.8,4,M5,Z,10.8,8.5,9.7,29,223
187,2001,DODGE,DAKOTA,PICKUP TRUCK - STANDARD,4.7,8,A4,X,18.4,13.0,16.0,18,368
179,2001,DAEWOO,NUBIRA,COMPACT,2.0,4,A4,X,12.0,8.5,10.4,27,239
450,2001,MERCEDES-BENZ,E 320 WAGON,STATION WAGON - MID-SIZE,2.3,6,A5,Z,13.5,9.3,11.6,24,267
82,2001,BUICK,REGAL,MID-SIZE,3.8,6,A4,X,14.3,8.8,11.8,24,271
391,2001,KIA,MAGENTIS,COMPACT,2.5,6,M5,X,12.8,9.7,11.4,25,262
418,2001,MAZDA,B3000,PICKUP TRUCK - STANDARD,3.0,6,M5,X,15.2,11.3,13.5,21,311
247,2001,FORD,EX SPORT 4X4,SUV,4.0,6,A5,X,17.4,13.1,15.5,18,357
508,2001,PONTIAC,GRAND PRIX,MID-SIZE,3.1,6,A4,X,13.0,9.0,11.2,25,258
415,2001,MAZDA,626,MID-SIZE,2.5,6,A4,Z,13.7,10.1,12.1,23,278
273,2001,FORD,FOCUS WAGON #,STATION WAGON - MID-SIZE,2.0,4,M5,X,10.9,7.9,9.5,30,219
453,2001,MERCEDES-BENZ,E 55 AMG,MID-SIZE,5.5,8,A5,Z,15.2,10.7,13.2,21,304
627,2001,VOLKSWAGEN,GOLF TDI DIESEL,COMPACT,1.9,4,M5,D,6.8,5.4,6.2,46,167
567,2001,SUBARU,LEGACY WAGON AWD,STATION WAGON - MID-SIZE,2.5,4,M5,X,12.5,9.3,11.0,26,253
297,2001,GMC,C1500 SIERRA,PICKUP TRUCK - STANDARD,5.3,8,A4,X,17.6,13.7,15.8,18,363
61,2001,BMW,540i SPORT WAGON,STATION WAGON - SMALL,4.4,8,A5,Z,15.5,11.9,13.9,20,320
112,2001,CHEVROLET,CAVALIER BI-FUEL,COMPACT,2.2,4,A4,X,11.7,8.5,10.2,28,235
328,2001,GMC,SONOMA 4X4,PICKUP TRUCK - STANDARD,4.3,6,A4,X,18.2,14.5,16.5,17,380
296,2001,GMC,C1500 SIERRA,PICKUP TRUCK - STANDARD,4.8,8,M5,X,18.6,12.8,16.0,18,368
375,2001,JAGUAR,XK8,SUBCOMPACT,4.0,8,A5,Z,15.3,10.7,13.3,21,306
28,2001,AUDI,S4 QUATTRO,COMPACT,2.7,6,A5,Z,15.2,10.5,13.1,22,301
365,2001,ISUZU,RODEO 4X4,SUV,3.2,6,A4,X,16.2,12.5,14.5,19,334
147,2001,CHEVROLET,VENTURE,MINIVAN,3.4,6,A4,X,13.8,9.8,12.0,24,276
668,2001,VOLVO,S80/S80 EXECUTIVE 2.9,MID-SIZE,2.9,6,A4,Z,13.6,9.6,11.8,24,271
601,2001,TOYOTA,PRIUS,COMPACT,1.5,4,AV,X,5.5,5.7,5.6,50,129
560,2001,SUBARU,IMPREZA AWD,SUBCOMPACT,2.5,4,A4,X,11.8,9.0,10.6,27,244
552,2001,SATURN,SL #,COMPACT,1.9,4,A4,X,10.6,7.3,9.1,31,209
47,2001,BMW,330Ci CONVERTIBLE,MINICOMPACT,3.0,6,A5,Z,14.2,9.8,12.2,23,281
322,2001,GMC,SAFARI CARGO,VAN - CARGO,4.3,6,A4,X,15.4,11.4,13.6,21,313
148,2001,CHRYSLER,300M,FULL-SIZE,3.5,6,AS4,X,14.7,9.9,12.5,23,288
260,2001,FORD,F150,PICKUP TRUCK - STANDARD,5.4,8,A4,X,17.9,13.3,15.8,18,363
488,2001,NISSAN,XTERRA V6 4X4,SUV,3.3,6,M5,X,16.2,13.8,15.1,19,347
126,2001,CHEVROLET,K1500 SILVERADO 4X4,PICKUP TRUCK - STANDARD,4.8,8,M5,X,20.3,14.7,17.8,16,409
332,2001,GMC,SONOMA FFV,PICKUP TRUCK - SMALL,2.2,4,M5,X,13.0,9.3,11.3,25,260
19,2001,AUDI,A6 AVANT QUATTRO WAGON,STATION WAGON - MID-SIZE,2.8,6,A5,Z,15.4,10.7,13.3,21,306
107,2001,CHEVROLET,CAMARO,SUBCOMPACT,5.7,8,M6,Z,13.9,9.5,11.9,24,274
169,2001,CHRYSLER,SEBRING COUPE,COMPACT,3.0,6,M5,X,13.1,9.1,11.3,25,260
201,2001,DODGE,GRAND CARAVAN,MINIVAN,3.8,6,AS4,X,15.3,10.7,13.3,21,306
458,2001,MERCEDES-BENZ,S 500,FULL-SIZE,5.0,8,A5,Z,16.2,11.1,13.9,20,320
542,2001,SATURN,L100/200,MID-SIZE,2.2,4,M5,X,12.2,8.2,10.4,27,239
573,2001,SUZUKI,GRAND VITARA 4X4,SUV,2.5,6,A4,X,14.5,12.5,13.6,21,313
216,2001,DODGE,RAM 1500 VAN,VAN - CARGO,3.9,6,A3,X,17.8,15.3,16.7,17,384
239,2001,FORD,E150 VAN,VAN - CARGO,5.4,8,A4,X,17.9,13.3,15.8,18,363
497,2001,PONTIAC,AZTEK,SUV,3.4,6,A4,X,13.8,9.8,12.0,24,276
439,2001,MERCEDES-BENZ,C 320,COMPACT,3.2,6,A5,Z,13.8,10.1,12.1,23,278
286,2001,FORD,RANGER 4X4,PICKUP TRUCK - STANDARD,4.0,6,A5,X,17.3,13.5,15.6,18,359
31,2001,AUDI,TT COUPE QUATTRO,MINICOMPACT,1.8,4,M5,Z,13.1,9.0,11.3,25,260
347,2001,HONDA,S2000,TWO-SEATER,2.0,4,M6,Z,13.2,9.9,11.7,24,269
276,2001,FORD,MUSTANG,SUBCOMPACT,3.8,6,M5,X,13.7,8.9,11.6,24,267
269,2001,FORD,FOCUS #,COMPACT,2.0,4,M5,X,10.9,7.9,9.5,30,219
85,2001,CADILLAC,DEVILLE,FULL-SIZE,4.6,8,A4,Z,15.6,9.4,12.8,22,294
73,2001,BMW,Z3,TWO-SEATER,2.5,6,A4,Z,13.3,9.6,11.6,24,267
128,2001,CHEVROLET,K1500 SUBURBAN 4X4,SUV,5.3,8,A4,X,19.1,15.4,17.5,16,403
182,2001,DAEWOO,NUBIRA WAGON,STATION WAGON - SMALL,2.0,4,M5,X,11.9,8.2,10.3,27,237
476,2001,NISSAN,FRONTIER V6 4X4 #,PICKUP TRUCK - STANDARD,3.3,6,A4,Z,17.4,14.1,15.9,18,366
194,2001,DODGE,DAKOTA 4X4,PICKUP TRUCK - STANDARD,5.9,8,A4,X,21.6,15.0,18.6,15,428
665,2001,VOLVO,S60 2.4T TURBO,COMPACT,2.4,5,AS5,Z,12.9,9.1,11.2,25,258
72,2001,BMW,X5,SUV,4.4,8,A5,Z,18.2,13.9,16.3,17,375
374,2001,JAGUAR,XJR #,COMPACT,4.0,8,A5,Z,16.3,11.7,14.2,20,327
421,2001,MAZDA,B4000 4X4,PICKUP TRUCK - STANDARD,4.0,6,A5,X,17.3,13.5,15.6,18,359
536,2001,SAAB,9-5 WAGON TURBO,STATION WAGON - MID-SIZE,2.3,4,A4,X,13.3,9.0,11.4,25,262
222,2001,DODGE,RAM 2500 VAN,VAN - CARGO,5.2,8,A4,X,20.0,13.8,17.2,16,396
393,2001,KIA,RIO,SUBCOMPACT,1.5,4,M5,X,9.9,8.1,9.1,31,209
10,2001,ACURA,NSX,TWO-SEATER,3.2,6,M6,Z,15.6,10.7,13.4,21,308
673,2001,VOLVO,V70 T5 WAGON TURBO,STATION WAGON - MID-SIZE,2.3,5,AS5,Z,13.4,9.8,11.8,24,271
95,2001,CHEVROLET,BLAZER 4X4,SUV,4.3,6,M5,X,18.7,14.5,16.8,17,386
190,2001,DODGE,DAKOTA 4X4,PICKUP TRUCK - STANDARD,3.9,6,A4,X,18.1,13.9,16.2,17,373
463,2001,MERCEDES-BENZ,SLK 230 KOMPRESSOR,TWO-SEATER,2.3,6,M6,Z,13.2,8.7,11.2,25,258
392,2001,KIA,RIO,SUBCOMPACT,1.5,4,A4,X,10.6,8.2,9.6,29,221
649,2001,VOLKSWAGEN,PASSAT 4MOTION,COMPACT,2.8,6,A5,Z,15.3,10.7,13.3,21,306
278,2001,FORD,MUSTANG,SUBCOMPACT,4.6,8,M5,X,15.0,10.3,12.9,22,297
110,2001,CHEVROLET,CAVALIER,COMPACT,2.4,4,A4,X,12.9,9.0,11.1,25,255
195,2001,DODGE,DAKOTA 4X4,PICKUP TRUCK - STANDARD,5.9,8,A4,X,21.9,15.0,18.8,15,432
116,2001,CHEVROLET,G15/G25 CHEVY VAN,VAN - CARGO,5.0,8,A4,X,18.7,14.6,16.9,17,389
123,2001,CHEVROLET,K1500 SILVERADO 4X4,PICKUP TRUCK - STANDARD,4.3,6,A4,X,17.2,12.8,15.2,19,350
584,2001,TOYOTA,4RUNNER 4X4,SUV,3.4,6,A4,X,16.1,13.4,14.9,19,343
562,2001,SUBARU,IMPREZA WAGON AWD,STATION WAGON - SMALL,2.2,4,A4,X,11.7,8.8,10.4,27,239
4,2001,ACURA,3.5RL,MID-SIZE,3.5,6,A4,Z,15.0,10.9,13.1,22,301
672,2001,VOLVO,V70 2.4T WAGON TURBO,STATION WAGON - MID-SIZE,2.4,5,AS5,Z,13.3,9.5,11.6,24,267
367,2001,ISUZU,TROOPER 4X4,SUV,3.5,6,A4,X,17.3,13.4,15.6,18,359
409,2001,LINCOLN,LS,MID-SIZE,3.9,8,A5,Z,15.7,10.7,13.5,21,311
622,2001,VOLKSWAGEN,GOLF,COMPACT,1.8,4,A4,Z,11.9,9.1,10.7,26,246
242,2001,FORD,E250 VAN NGV,VAN - CARGO,5.4,8,A4,N,22.1,17.4,20.0,14,378
313,2001,GMC,K1500 SIERRA 4X4,PICKUP TRUCK - STANDARD,4.8,8,A4,X,17.1,13.6,15.5,18,357
310,2001,GMC,JIMMY 4X4,SUV,4.3,6,M5,X,18.7,14.5,16.8,17,386
445,2001,MERCEDES-BENZ,CLK 430 CABRIOLET,MINICOMPACT,4.3,8,A5,Z,14.8,10.5,12.9,22,297
270,2001,FORD,FOCUS WAGON,STATION WAGON - MID-SIZE,2.0,4,A4,X,10.5,7.9,9.3,30,214
230,2001,FORD,COUGAR,COMPACT,2.5,6,A4,X,13.3,8.9,11.3,25,260
69,2001,BMW,M5,COMPACT,4.9,8,M6,Z,19.4,12.3,16.2,17,373
204,2001,DODGE,RAM 1500,PICKUP TRUCK - STANDARD,3.9,6,A4,X,17.0,12.7,15.1,19,347
271,2001,FORD,FOCUS WAGON,STATION WAGON - MID-SIZE,2.0,4,M5,X,9.6,7.2,8.5,33,196
373,2001,JAGUAR,XJ8L,MID-SIZE,4.0,8,A5,Z,15.3,10.7,13.3,21,306
564,2001,SUBARU,LEGACY AWD,COMPACT,2.5,4,A4,X,12.2,9.6,11.1,25,255
229,2001,DODGE,VIPER RT/10,TWO-SEATER,8.0,10,M6,Z,23.0,12.3,18.2,16,419
291,2001,FORD,TAURUS WAGON #,STATION WAGON - MID-SIZE,3.0,6,A4,X,14.3,9.9,12.3,23,283
633,2001,VOLKSWAGEN,JETTA,COMPACT,2.0,4,A4,X,11.9,9.0,10.6,27,244
388,2001,KIA,MAGENTIS,COMPACT,2.4,4,A4,X,13.3,9.6,11.6,24,267
608,2001,TOYOTA,TACOMA,PICKUP TRUCK - STANDARD,2.7,4,A4,X,14.0,12.1,13.2,21,304
224,2001,DODGE,RAM 2500 VAN CNG,VAN - CARGO,5.2,8,A4,N,20.8,16.3,18.8,15,355
521,2001,PORSCHE,911 TURBO,MINICOMPACT,3.6,6,M6,Z,17.2,11.7,14.7,19,338
109,2001,CHEVROLET,CAVALIER,COMPACT,2.2,4,M5,X,12.2,8.1,10.4,27,239
120,2001,CHEVROLET,G1500/G2500 CHEVY EXPRESS,VAN - PASSENGER,5.7,8,A4,X,19.9,15.0,17.7,16,407
582,2001,SUZUKI,XL-7 4X4,SUV,2.7,6,A4,X,15.4,12.8,14.2,20,327
546,2001,SATURN,SC COUPE,SUBCOMPACT,1.9,4,A4,X,10.3,7.2,8.9,32,205
647,2001,VOLKSWAGEN,PASSAT,MID-SIZE,2.8,6,A5,Z,14.6,9.8,12.4,23,285
404,2001,LEXUS,RX 300,SUV,3.0,6,A4,X,14.3,11.0,12.8,22,294
378,2001,JAGUAR,XKR CONVERTIBLE #,MINICOMPACT,4.0,8,A5,Z,16.3,11.7,14.2,20,327
504,2001,PONTIAC,FIREBIRD,SUBCOMPACT,5.7,8,M6,Z,14.4,9.8,12.3,23,283
620,2001,VOLKSWAGEN,CABRIO,SUBCOMPACT,2.0,4,A4,X,12.6,9.1,11.0,26,253
252,2001,FORD,EXPEDITION 4X4,SUV,4.6,8,A4,X,18.7,13.9,16.6,17,382
53,2001,BMW,525i,COMPACT,2.5,6,A5,Z,13.3,9.4,11.5,25,265
616,2001,TOYOTA,TUNDRA,PICKUP TRUCK - STANDARD,4.7,8,A4,X,17.8,14.2,16.1,18,370
303,2001,GMC,G15/G25 SAVANA CARGO,VAN - CARGO,5.7,8,A4,X,19.3,14.9,17.3,16,398
336,2001,HONDA,ACCORD,MID-SIZE,3.0,6,A4,X,13.2,9.0,11.3,25,260
162,2001,CHRYSLER,SEBRING,MID-SIZE,2.7,6,A4,X,13.4,9.3,11.5,25,265
308,2001,GMC,JIMMY,SUV,4.3,6,M5,X,17.0,12.2,14.9,19,343
48,2001,BMW,330Ci CONVERTIBLE,MINICOMPACT,3.0,6,M5,Z,14.5,10.3,12.6,22,290
498,2001,PONTIAC,AZTEK AWD,SUV,3.4,6,A4,X,14.3,10.3,12.5,23,288
34,2001,AUDI,TT ROADSTER QUATTRO #,TWO-SEATER,1.8,4,M6,Z,13.1,9.1,11.3,25,260
282,2001,FORD,RANGER,PICKUP TRUCK - STANDARD,4.0,6,A5,X,15.9,12.0,14.1,20,324
678,2001,VOLVO,V70 XC AWD TURBO,SUV,2.4,5,AS5,Z,14.8,11.4,13.3,21,306
89,2001,CHEVROLET,ASTRO CARGO AWD,VAN - CARGO,4.3,6,A4,X,17.2,12.8,15.2,19,350
354,2001,HYUNDAI,SANTA FE,SUV,2.7,6,A4,X,14.2,11.0,12.7,22,292
325,2001,GMC,SAFARI PASSENGER AWD,VAN - PASSENGER,4.3,6,A4,X,17.9,13.8,16.1,18,370
129,2001,CHEVROLET,K1500 TAHOE 4X4,SUV,4.8,8,A4,X,17.1,13.6,15.5,18,357
150,2001,CHRYSLER,CONCORDE,FULL-SIZE,3.2,6,A4,X,14.2,9.5,12.1,23,278
164,2001,CHRYSLER,SEBRING CONVERTIBLE,COMPACT,2.7,6,A4,X,13.4,9.3,11.5,25,265
243,2001,FORD,ESCAPE,SUV,2.0,4,M5,X,11.4,9.1,10.4,27,239
610,2001,TOYOTA,TACOMA 4X4,PICKUP TRUCK - STANDARD,2.7,4,A4,X,13.9,11.9,13.0,22,299
312,2001,GMC,K1500 SIERRA 4X4,PICKUP TRUCK - STANDARD,4.3,6,M5,X,18.7,14.5,16.8,17,386
346,2001,HONDA,PRELUDE,SUBCOMPACT,2.2,4,M5,Z,12.0,9.6,10.9,26,251
566,2001,SUBARU,LEGACY WAGON AWD,STATION WAGON - MID-SIZE,2.5,4,A4,X,12.3,9.6,11.1,25,255
60,2001,BMW,540i,COMPACT,4.4,8,M6,Z,16.4,10.7,13.8,20,317
289,2001,FORD,TAURUS #,MID-SIZE,3.0,6,A4,X,13.5,9.5,11.7,24,269
559,2001,SUBARU,IMPREZA AWD,SUBCOMPACT,2.2,4,M5,X,11.8,8.8,10.5,27,242
237,2001,FORD,E150 VAN,VAN - CARGO,4.2,6,A4,X,18.0,13.0,15.8,18,363
203,2001,DODGE,GRAND CARAVAN AWD,MINIVAN,3.8,6,AS4,X,15.9,11.2,13.8,20,317
219,2001,DODGE,RAM 1500 WAGON,VAN - PASSENGER,3.9,6,A3,X,18.9,15.4,17.4,16,400
149,2001,CHRYSLER,CONCORDE,FULL-SIZE,2.7,6,A4,X,13.4,9.3,11.5,25,265
545,2001,SATURN,LW300 WAGON,STATION WAGON - MID-SIZE,3.0,6,A4,X,13.3,9.7,11.7,24,269
414,2001,MAZDA,626,MID-SIZE,2.0,4,M5,X,10.8,8.1,9.6,29,221
675,2001,VOLVO,V70 WAGON,STATION WAGON - MID-SIZE,2.4,5,A5,Z,12.8,9.3,11.2,25,258
189,2001,DODGE,DAKOTA,PICKUP TRUCK - STANDARD,5.9,8,A4,X,20.7,14.7,18.0,16,414
677,2001,VOLVO,V70 WAGON AWD TURBO,STATION WAGON - MID-SIZE,2.4,5,AS5,Z,14.4,10.3,12.5,23,288
530,2001,SAAB,9-3 TURBO #,MID-SIZE,2.3,4,M5,Z,13.0,8.3,10.9,26,251
550,2001,SATURN,SL,COMPACT,1.9,4,A4,X,10.0,7.0,8.6,33,198
593,2001,TOYOTA,CELICA,SUBCOMPACT,1.8,4,A4,X,9.5,7.2,8.4,34,193
199,2001,DODGE,GRAND CARAVAN,MINIVAN,3.3,6,A4,X,14.9,10.6,13.0,22,299
256,2001,FORD,F150,PICKUP TRUCK - STANDARD,4.2,6,A4,X,16.4,12.6,14.7,19,338
618,2001,TOYOTA,TUNDRA 4X4,PICKUP TRUCK - STANDARD,3.4,6,A4,X,17.2,14.4,16.0,18,368
422,2001,MAZDA,B4000 4X4,PICKUP TRUCK - STANDARD,4.0,6,M5,X,16.9,13.1,15.2,19,350
12,2001,AUDI,A4,COMPACT,1.8,4,M5,Z,11.8,8.1,10.1,28,232
629,2001,VOLKSWAGEN,GTI,COMPACT,1.8,4,M5,Z,11.0,8.3,9.8,29,225
632,2001,VOLKSWAGEN,JETTA,COMPACT,1.8,4,M5,Z,11.0,8.3,9.8,29,225
132,2001,CHEVROLET,MONTE CARLO,MID-SIZE,3.4,6,A4,X,12.5,8.0,10.4,27,239
571,2001,SUZUKI,ESTEEM WAGON,STATION WAGON - SMALL,1.8,4,A4,X,10.3,7.5,9.1,31,209
245,2001,FORD,ESCAPE 4X4,SUV,2.0,4,M5,X,12.0,9.8,11.0,26,253
667,2001,VOLVO,S60 T5 TURBO,COMPACT,2.3,5,M5,Z,12.9,9.1,11.2,25,258
361,2001,INFINITI,G20,COMPACT,2.0,4,M5,X,11.4,8.2,10.0,28,230
525,2001,PORSCHE,BOXSTER S,TWO-SEATER,3.2,6,M6,Z,15.0,10.1,12.8,22,294
496,2001,PLYMOUTH,PROWLER,TWO-SEATER,3.5,6,AS4,Z,15.4,11.2,13.5,21,311
32,2001,AUDI,TT COUPE QUATTRO #,MINICOMPACT,1.8,4,M6,Z,13.1,9.1,11.3,25,260
301,2001,GMC,G15/G25 SAVANA CARGO,VAN - CARGO,4.3,6,A4,X,17.8,13.9,16.0,18,368
307,2001,GMC,JIMMY,SUV,4.3,6,A4,X,15.4,11.4,13.6,21,313
188,2001,DODGE,DAKOTA,PICKUP TRUCK - STANDARD,4.7,8,M5,X,17.9,12.5,15.4,18,354
272,2001,FORD,FOCUS WAGON #,STATION WAGON - MID-SIZE,2.0,4,A4,X,10.9,8.2,9.7,29,223
54,2001,BMW,525i,COMPACT,2.5,6,M5,Z,13.0,8.7,11.0,26,253
475,2001,NISSAN,FRONTIER V6 4X4,PICKUP TRUCK - STANDARD,3.3,6,M5,X,16.2,13.8,15.1,19,347
341,2001,HONDA,CR-V,SUV,2.0,4,A4,X,12.5,10.5,11.6,24,267
384,2001,JEEP,TJ 4X4,SUV,2.5,4,A3,X,16.4,13.9,15.3,18,352
532,2001,SAAB,9-5 TURBO,MID-SIZE,2.3,4,M5,X,13.1,8.6,11.1,25,255
578,2001,SUZUKI,VITARA 4-DOOR 4X4,SUV,2.0,4,M5,X,11.8,10.1,11.0,26,253
177,2001,DAEWOO,LEGANZA,MID-SIZE,2.2,4,A4,X,13.4,9.3,11.5,25,265
38,2001,BMW,325Ci,SUBCOMPACT,2.5,6,M5,Z,13.0,8.7,11.0,26,253
402,2001,LEXUS,LS 430,FULL-SIZE,4.3,8,A5,Z,14.4,10.4,12.6,22,290
134,2001,CHEVROLET,S10,PICKUP TRUCK - SMALL,4.3,6,A4,X,15.4,11.4,13.6,21,313
70,2001,BMW,X5,SUV,3.0,6,A5,Z,16.4,12.7,14.7,19,338
594,2001,TOYOTA,CELICA,SUBCOMPACT,1.8,4,AS4,Z,11.6,8.7,10.3,27,237
171,2001,CHRYSLER,TOWN & COUNTRY,MINIVAN,3.8,6,A4,X,15.3,10.9,13.3,21,306
657,2001,VOLVO,C70 CONVERTIBLE TURBO,SUBCOMPACT,2.4,5,A5,Z,13.3,9.5,11.6,24,267
642,2001,VOLKSWAGEN,NEW BEETLE,SUBCOMPACT,2.0,4,M5,X,11.2,8.3,9.9,29,228
398,2001,LEXUS,ES 300,COMPACT,3.0,6,A4,X,13.8,9.7,12.0,24,276
335,2001,HONDA,ACCORD,MID-SIZE,2.3,4,M5,X,11.0,8.1,9.7,29,223
619,2001,TOYOTA,TUNDRA 4X4,PICKUP TRUCK - STANDARD,4.7,8,A4,X,18.4,14.7,16.8,17,386
343,2001,HONDA,INSIGHT,TWO-SEATER,1.0,3,M5,X,4.9,4.0,4.5,63,104
411,2001,LINCOLN,NAVIGATOR 4X4,SUV,5.4,8,A4,Z,22.4,16.0,19.5,14,449
352,2001,HYUNDAI,ELANTRA,COMPACT,2.0,4,A4,X,11.0,7.8,9.5,30,219
255,2001,FORD,EXPLORER 4X4,SUV,5.0,8,A4,X,18.6,13.3,16.2,17,373
661,2001,VOLVO,S40 TURBO,COMPACT,1.9,4,A5,Z,11.9,8.1,10.2,28,235
228,2001,DODGE,VIPER GTS,TWO-SEATER,8.0,10,M6,Z,23.0,12.3,18.2,16,419
648,2001,VOLKSWAGEN,PASSAT,MID-SIZE,2.8,6,M5,Z,13.4,8.9,11.4,25,262
575,2001,SUZUKI,SWIFT,SUBCOMPACT,1.3,4,A3,X,9.1,7.4,8.3,34,191
146,2001,CHEVROLET,TRACKER VAN 4X4,SUV,2.0,4,M5,X,11.9,9.9,11.0,26,253
517,2001,PORSCHE,911 CARRERA,MINICOMPACT,3.4,6,M6,Z,15.4,10.2,13.1,22,301
144,2001,CHEVROLET,TRACKER CONVERTIBLE 4X4,SUV,2.0,4,M5,X,11.9,9.9,11.0,26,253
